Mole fraction of liquid	Heat per mole [J]	Temperature [K]
1.00000	82474.13929	2152.87534
0.98643	82181.17529	2152.77971
0.00000	61182.13662	2152.36534
