Mole fraction of liquid	Heat per mole [J]	Temperature [K]
1.00000	82599.31373	2155.63022
0.98654	82308.44489	2155.53460
0.00888	61471.33220	2155.12022
