Mole fraction of liquid	Heat per mole [J]	Temperature [K]
1.00000	82725.75801	2158.38296
0.98636	82430.54740	2158.28734
0.00000	61384.38556	2157.87296
