Mole fraction of liquid	Heat per mole [J]	Temperature [K]
1.00000	82982.59301	2163.88280
0.98507	82659.34308	2163.78718
0.07738	63251.18770	2163.43655
0.00000	61580.71107	2163.02218
