Mole fraction of liquid	Heat per mole [J]	Temperature [K]
1.00000	83113.05059	2166.63025
0.98380	82762.14887	2166.53462
0.00282	61767.18349	2166.18400
