Mole fraction of liquid	Heat per mole [J]	Temperature [K]
1.00000	83244.91235	2169.37625
0.98180	82850.88442	2169.28063
0.08402	63619.18453	2168.99375
0.00822	61984.35751	2168.70688
