Mole fraction of liquid	Heat per mole [J]	Temperature [K]
1.00000	83378.21182	2172.12098
0.97862	82915.57477	2172.02535
0.00000	61934.03273	2171.73848
