Mole fraction of liquid	Heat per mole [J]	Temperature [K]
1.00000	83512.98230	2174.86458
0.97313	82932.21142	2174.76896
0.00000	62052.28140	2174.54583
