Mole fraction of liquid	Heat per mole [J]	Temperature [K]
1.00000	83649.25647	2177.60719
0.96187	82826.22790	2177.51157
0.00000	62172.77409	2177.35219
