Mole fraction of liquid	Heat per mole [J]	Temperature [K]
1.00000	81514.38336	2130.73460
0.93117	80062.67413	2130.63897
0.00000	60473.81872	
