Mole fraction of liquid	Heat per mole [J]	Temperature [K]
1.00000	83787.06708	2180.34895
0.92760	82227.20808	2180.25332
0.00000	62295.50990	
