Mole fraction of liquid	Heat per mole [J]	Temperature [K]
1.00000	81630.62802	2133.51422
0.96357	80858.95316	2133.41860
0.00000	60553.73676	2133.25922
