Mole fraction of liquid	Heat per mole [J]	Temperature [K]
1.00000	81747.86706	2136.28992
0.97421	81199.53461	2136.19430
0.00000	60635.85992	2135.97117
