Mole fraction of liquid	Heat per mole [J]	Temperature [K]
1.00000	81866.12511	2139.06170
0.97849	81407.51272	2138.96608
0.00000	60720.16953	2138.67920
