Mole fraction of liquid	Heat per mole [J]	Temperature [K]
1.00000	81985.46815	2141.83054
0.98232	81607.14017	2141.73491
0.08538	62615.59775	2141.44804
0.00631	60931.49793	2141.16116
