Mole fraction of liquid	Heat per mole [J]	Temperature [K]
1.00000	82105.90084	2144.59596
0.98418	81766.40649	2144.50034
0.00199	60939.91828	2144.14971
