Mole fraction of liquid	Heat per mole [J]	Temperature [K]
1.00000	82227.46702	2147.35841
0.98533	81912.01005	2147.26279
0.07809	62647.87012	2146.91216
0.00557	61095.52432	2146.56154
