Mole fraction of liquid	Heat per mole [J]	Temperature [K]
1.00000	72182.31136	1977.66800
0.99822	72150.66738	1977.57238
0.67664	67176.65576	1976.57238
0.45433	63734.12401	1975.57238
0.30197	61368.03977	1974.57238
0.19850	59752.77804	1973.57238
0.12895	58656.88544	1972.57238
0.08269	57917.04295	1971.57238
0.05229	57418.91886	1970.57238
0.03256	57083.16236	1969.57238
0.01994	56855.21634	1968.57238
0.01199	56697.95431	1967.57238
0.00707	56586.39506	1966.57238
