Mole fraction of liquid	Heat per mole [J]	Temperature [K]
1.00000	71472.70913	1965.97204
0.99764	71433.04221	1965.87641
0.56496	64925.76378	1964.87641
0.31137	61104.88240	1963.87641
0.16644	58909.92997	1962.87641
0.08594	57676.61267	1961.87641
0.04264	56997.37349	1960.87641
0.02021	56628.00550	1959.87641
0.00907	56426.08456	1958.87641
