Mole fraction of liquid	Heat per mole [J]	Temperature [K]
1.00000	80962.07605	2120.91397
0.98944	80739.43280	2120.81834
0.00000	60257.53385	2120.21272
