Mole fraction of liquid	Heat per mole [J]	Temperature [K]
1.00000	70734.80637	1953.79425
0.99582	70669.58750	1953.69862
0.19862	59040.12096	1952.69862
0.02615	56500.35523	1951.69862
0.00130	56102.98752	1950.69862
