Mole fraction of liquid	Heat per mole [J]	Temperature [K]
1.00000	80515.36341	2113.71061
0.99465	80402.15440	2113.61499
0.10610	62272.07199	2112.61499
0.01683	60421.49639	2111.61499
0.00344	60113.68387	2110.61499
