Mole fraction of liquid	Heat per mole [J]	Temperature [K]
1.00000	80058.26294	2106.32766
0.99638	79981.36534	2106.23203
0.37971	67572.89744	2105.23203
0.15376	63012.39239	2104.23203
0.06563	61214.87200	2103.23203
0.02934	60454.62967	2102.23203
0.01366	60106.18703	2101.23203
0.00659	59929.46593	2100.23203
