Mole fraction of liquid	Heat per mole [J]	Temperature [K]
1.00000	79590.26575	2098.75663
0.99723	79531.43292	2098.66101
0.52030	70071.13384	2097.66101
0.27842	65264.74016	2096.66101
0.15247	62749.44922	2095.66101
0.08528	61393.34642	2094.66101
0.04864	60638.61803	2093.66101
0.02825	60203.14663	2092.66101
0.01668	59940.80330	2091.66101
0.01000	59774.21074	2090.66101
0.00609	59661.55167	2089.66101
