Mole fraction of liquid	Heat per mole [J]	Temperature [K]
1.00000	79110.82259	2090.98841
0.99774	79062.69552	2090.89278
0.60505	71387.33793	2089.89278
0.37196	66825.71843	2088.89278
0.23160	64069.81154	2087.89278
0.14594	62376.93081	2086.89278
0.09300	61318.72788	2085.89278
0.05989	60644.49728	2084.89278
0.03896	60205.46850	2083.89278
0.02558	59912.20779	2082.89278
0.01694	59710.29081	2081.89278
0.01131	59566.21383	2080.89278
0.00762	59459.12581	2079.89278
